"TIME","GEO","UNIT","S_ADJ","INDIC","Value","Flag and Footnotes"
"2016M10","Euro area (EA11-2000, EA12-2006, EA13-2007, EA15-2008, EA16-2010, EA17-2013, EA18-2014, EA19)","Thousand persons","Unadjusted data (i.e. neither seasonally adjusted nor calendar adjusted data)","Unemployment according to ILO definition - Over 25 years - Females","6,331",""
"2016M10","Euro area (19 countries)","Thousand persons","Unadjusted data (i.e. neither seasonally adjusted nor calendar adjusted data)","Unemployment according to ILO definition - Over 25 years - Females","6,331",""
"2016M10","Euro area (18 countries)","Thousand persons","Unadjusted data (i.e. neither seasonally adjusted nor calendar adjusted data)","Unemployment according to ILO definition - Over 25 years - Females","6,292",""
"2016M10","European Union (28 countries)","Thousand persons","Unadjusted data (i.e. neither seasonally adjusted nor calendar adjusted data)","Unemployment according to ILO definition - Over 25 years - Females","7,823",""
"2016M10","European Union (27 countries)","Thousand persons","Unadjusted data (i.e. neither seasonally adjusted nor calendar adjusted data)","Unemployment according to ILO definition - Over 25 years - Females","7,734",""
"2016M10","Belgium","Thousand persons","Unadjusted data (i.e. neither seasonally adjusted nor calendar adjusted data)","Unemployment according to ILO definition - Over 25 years - Females","125",""
"2016M10","Bulgaria","Thousand persons","Unadjusted data (i.e. neither seasonally adjusted nor calendar adjusted data)","Unemployment according to ILO definition - Over 25 years - Females","83",""
"2016M10","Czech Republic","Thousand persons","Unadjusted data (i.e. neither seasonally adjusted nor calendar adjusted data)","Unemployment according to ILO definition - Over 25 years - Females","88",""
"2016M10","Denmark","Thousand persons","Unadjusted data (i.e. neither seasonally adjusted nor calendar adjusted data)","Unemployment according to ILO definition - Over 25 years - Females","71",""
"2016M10","Germany (until 1990 former territory of the FRG)","Thousand persons","Unadjusted data (i.e. neither seasonally adjusted nor calendar adjusted data)","Unemployment according to ILO definition - Over 25 years - Females","593",""
"2016M10","Estonia","Thousand persons","Unadjusted data (i.e. neither seasonally adjusted nor calendar adjusted data)","Unemployment according to ILO definition - Over 25 years - Females","20",""
"2016M10","Ireland","Thousand persons","Unadjusted data (i.e. neither seasonally adjusted nor calendar adjusted data)","Unemployment according to ILO definition - Over 25 years - Females","44",""
"2016M10","Greece","Thousand persons","Unadjusted data (i.e. neither seasonally adjusted nor calendar adjusted data)","Unemployment according to ILO definition - Over 25 years - Females","541",""
"2016M10","Spain","Thousand persons","Unadjusted data (i.e. neither seasonally adjusted nor calendar adjusted data)","Unemployment according to ILO definition - Over 25 years - Females","1,869",""
"2016M10","France","Thousand persons","Unadjusted data (i.e. neither seasonally adjusted nor calendar adjusted data)","Unemployment according to ILO definition - Over 25 years - Females","1,131",""
"2016M10","Italy","Thousand persons","Unadjusted data (i.e. neither seasonally adjusted nor calendar adjusted data)","Unemployment according to ILO definition - Over 25 years - Females","1,192",""
"2016M10","Cyprus","Thousand persons","Unadjusted data (i.e. neither seasonally adjusted nor calendar adjusted data)","Unemployment according to ILO definition - Over 25 years - Females","18",""
"2016M10","Latvia","Thousand persons","Unadjusted data (i.e. neither seasonally adjusted nor calendar adjusted data)","Unemployment according to ILO definition - Over 25 years - Females","35",""
"2016M10","Lithuania","Thousand persons","Unadjusted data (i.e. neither seasonally adjusted nor calendar adjusted data)","Unemployment according to ILO definition - Over 25 years - Females","40",""
"2016M10","Luxembourg","Thousand persons","Unadjusted data (i.e. neither seasonally adjusted nor calendar adjusted data)","Unemployment according to ILO definition - Over 25 years - Females","7",""
"2016M10","Hungary","Thousand persons","Unadjusted data (i.e. neither seasonally adjusted nor calendar adjusted data)","Unemployment according to ILO definition - Over 25 years - Females","78",""
"2016M10","Malta","Thousand persons","Unadjusted data (i.e. neither seasonally adjusted nor calendar adjusted data)","Unemployment according to ILO definition - Over 25 years - Females","3",""
"2016M10","Netherlands","Thousand persons","Unadjusted data (i.e. neither seasonally adjusted nor calendar adjusted data)","Unemployment according to ILO definition - Over 25 years - Females","191",""
"2016M10","Austria","Thousand persons","Unadjusted data (i.e. neither seasonally adjusted nor calendar adjusted data)","Unemployment according to ILO definition - Over 25 years - Females","91",""
"2016M10","Poland","Thousand persons","Unadjusted data (i.e. neither seasonally adjusted nor calendar adjusted data)","Unemployment according to ILO definition - Over 25 years - Females","358",""
"2016M10","Portugal","Thousand persons","Unadjusted data (i.e. neither seasonally adjusted nor calendar adjusted data)","Unemployment according to ILO definition - Over 25 years - Females","223",""
"2016M10","Romania","Thousand persons","Unadjusted data (i.e. neither seasonally adjusted nor calendar adjusted data)","Unemployment according to ILO definition - Over 25 years - Females","130",""
"2016M10","Slovenia","Thousand persons","Unadjusted data (i.e. neither seasonally adjusted nor calendar adjusted data)","Unemployment according to ILO definition - Over 25 years - Females","33",""
"2016M10","Slovakia","Thousand persons","Unadjusted data (i.e. neither seasonally adjusted nor calendar adjusted data)","Unemployment according to ILO definition - Over 25 years - Females","105",""
"2016M10","Finland","Thousand persons","Unadjusted data (i.e. neither seasonally adjusted nor calendar adjusted data)","Unemployment according to ILO definition - Over 25 years - Females","83",""
"2016M10","Sweden","Thousand persons","Unadjusted data (i.e. neither seasonally adjusted nor calendar adjusted data)","Unemployment according to ILO definition - Over 25 years - Females","107",""
"2016M10","United Kingdom","Thousand persons","Unadjusted data (i.e. neither seasonally adjusted nor calendar adjusted data)","Unemployment according to ILO definition - Over 25 years - Females","486",""
"2016M11","Euro area (EA11-2000, EA12-2006, EA13-2007, EA15-2008, EA16-2010, EA17-2013, EA18-2014, EA19)","Thousand persons","Unadjusted data (i.e. neither seasonally adjusted nor calendar adjusted data)","Unemployment according to ILO definition - Over 25 years - Females","6,367",""
"2016M11","Euro area (19 countries)","Thousand persons","Unadjusted data (i.e. neither seasonally adjusted nor calendar adjusted data)","Unemployment according to ILO definition - Over 25 years - Females","6,367",""
"2016M11","Euro area (18 countries)","Thousand persons","Unadjusted data (i.e. neither seasonally adjusted nor calendar adjusted data)","Unemployment according to ILO definition - Over 25 years - Females","6,326",""
"2016M11","European Union (28 countries)","Thousand persons","Unadjusted data (i.e. neither seasonally adjusted nor calendar adjusted data)","Unemployment according to ILO definition - Over 25 years - Females","7,835",""
"2016M11","European Union (27 countries)","Thousand persons","Unadjusted data (i.e. neither seasonally adjusted nor calendar adjusted data)","Unemployment according to ILO definition - Over 25 years - Females","7,742",""
"2016M11","Belgium","Thousand persons","Unadjusted data (i.e. neither seasonally adjusted nor calendar adjusted data)","Unemployment according to ILO definition - Over 25 years - Females","125",""
"2016M11","Bulgaria","Thousand persons","Unadjusted data (i.e. neither seasonally adjusted nor calendar adjusted data)","Unemployment according to ILO definition - Over 25 years - Females","84",""
"2016M11","Czech Republic","Thousand persons","Unadjusted data (i.e. neither seasonally adjusted nor calendar adjusted data)","Unemployment according to ILO definition - Over 25 years - Females","84",""
"2016M11","Denmark","Thousand persons","Unadjusted data (i.e. neither seasonally adjusted nor calendar adjusted data)","Unemployment according to ILO definition - Over 25 years - Females","66",""
"2016M11","Germany (until 1990 former territory of the FRG)","Thousand persons","Unadjusted data (i.e. neither seasonally adjusted nor calendar adjusted data)","Unemployment according to ILO definition - Over 25 years - Females","573",""
"2016M11","Estonia","Thousand persons","Unadjusted data (i.e. neither seasonally adjusted nor calendar adjusted data)","Unemployment according to ILO definition - Over 25 years - Females","17",""
"2016M11","Ireland","Thousand persons","Unadjusted data (i.e. neither seasonally adjusted nor calendar adjusted data)","Unemployment according to ILO definition - Over 25 years - Females","44",""
"2016M11","Greece","Thousand persons","Unadjusted data (i.e. neither seasonally adjusted nor calendar adjusted data)","Unemployment according to ILO definition - Over 25 years - Females","534",""
"2016M11","Spain","Thousand persons","Unadjusted data (i.e. neither seasonally adjusted nor calendar adjusted data)","Unemployment according to ILO definition - Over 25 years - Females","1,873",""
"2016M11","France","Thousand persons","Unadjusted data (i.e. neither seasonally adjusted nor calendar adjusted data)","Unemployment according to ILO definition - Over 25 years - Females","1,174",""
"2016M11","Italy","Thousand persons","Unadjusted data (i.e. neither seasonally adjusted nor calendar adjusted data)","Unemployment according to ILO definition - Over 25 years - Females","1,192",""
"2016M11","Cyprus","Thousand persons","Unadjusted data (i.e. neither seasonally adjusted nor calendar adjusted data)","Unemployment according to ILO definition - Over 25 years - Females","22",""
"2016M11","Latvia","Thousand persons","Unadjusted data (i.e. neither seasonally adjusted nor calendar adjusted data)","Unemployment according to ILO definition - Over 25 years - Females","35",""
"2016M11","Lithuania","Thousand persons","Unadjusted data (i.e. neither seasonally adjusted nor calendar adjusted data)","Unemployment according to ILO definition - Over 25 years - Females","41",""
"2016M11","Luxembourg","Thousand persons","Unadjusted data (i.e. neither seasonally adjusted nor calendar adjusted data)","Unemployment according to ILO definition - Over 25 years - Females","6",""
"2016M11","Hungary","Thousand persons","Unadjusted data (i.e. neither seasonally adjusted nor calendar adjusted data)","Unemployment according to ILO definition - Over 25 years - Females","77",""
"2016M11","Malta","Thousand persons","Unadjusted data (i.e. neither seasonally adjusted nor calendar adjusted data)","Unemployment according to ILO definition - Over 25 years - Females","3",""
"2016M11","Netherlands","Thousand persons","Unadjusted data (i.e. neither seasonally adjusted nor calendar adjusted data)","Unemployment according to ILO definition - Over 25 years - Females","190",""
"2016M11","Austria","Thousand persons","Unadjusted data (i.e. neither seasonally adjusted nor calendar adjusted data)","Unemployment according to ILO definition - Over 25 years - Females","93",""
"2016M11","Poland","Thousand persons","Unadjusted data (i.e. neither seasonally adjusted nor calendar adjusted data)","Unemployment according to ILO definition - Over 25 years - Females","349",""
"2016M11","Portugal","Thousand persons","Unadjusted data (i.e. neither seasonally adjusted nor calendar adjusted data)","Unemployment according to ILO definition - Over 25 years - Females","221",""
"2016M11","Romania","Thousand persons","Unadjusted data (i.e. neither seasonally adjusted nor calendar adjusted data)","Unemployment according to ILO definition - Over 25 years - Females","132",""
"2016M11","Slovenia","Thousand persons","Unadjusted data (i.e. neither seasonally adjusted nor calendar adjusted data)","Unemployment according to ILO definition - Over 25 years - Females","34",""
"2016M11","Slovakia","Thousand persons","Unadjusted data (i.e. neither seasonally adjusted nor calendar adjusted data)","Unemployment according to ILO definition - Over 25 years - Females","101",""
"2016M11","Finland","Thousand persons","Unadjusted data (i.e. neither seasonally adjusted nor calendar adjusted data)","Unemployment according to ILO definition - Over 25 years - Females","74",""
"2016M11","Sweden","Thousand persons","Unadjusted data (i.e. neither seasonally adjusted nor calendar adjusted data)","Unemployment according to ILO definition - Over 25 years - Females","113",""
"2016M11","United Kingdom","Thousand persons","Unadjusted data (i.e. neither seasonally adjusted nor calendar adjusted data)","Unemployment according to ILO definition - Over 25 years - Females","471",""
"2016M12","Euro area (EA11-2000, EA12-2006, EA13-2007, EA15-2008, EA16-2010, EA17-2013, EA18-2014, EA19)","Thousand persons","Unadjusted data (i.e. neither seasonally adjusted nor calendar adjusted data)","Unemployment according to ILO definition - Over 25 years - Females","6,258",""
"2016M12","Euro area (19 countries)","Thousand persons","Unadjusted data (i.e. neither seasonally adjusted nor calendar adjusted data)","Unemployment according to ILO definition - Over 25 years - Females","6,258",""
"2016M12","Euro area (18 countries)","Thousand persons","Unadjusted data (i.e. neither seasonally adjusted nor calendar adjusted data)","Unemployment according to ILO definition - Over 25 years - Females","6,212",""
"2016M12","European Union (28 countries)","Thousand persons","Unadjusted data (i.e. neither seasonally adjusted nor calendar adjusted data)","Unemployment according to ILO definition - Over 25 years - Females","7,715",""
"2016M12","European Union (27 countries)","Thousand persons","Unadjusted data (i.e. neither seasonally adjusted nor calendar adjusted data)","Unemployment according to ILO definition - Over 25 years - Females","7,619",""
"2016M12","Belgium","Thousand persons","Unadjusted data (i.e. neither seasonally adjusted nor calendar adjusted data)","Unemployment according to ILO definition - Over 25 years - Females","134",""
"2016M12","Bulgaria","Thousand persons","Unadjusted data (i.e. neither seasonally adjusted nor calendar adjusted data)","Unemployment according to ILO definition - Over 25 years - Females","88",""
"2016M12","Czech Republic","Thousand persons","Unadjusted data (i.e. neither seasonally adjusted nor calendar adjusted data)","Unemployment according to ILO definition - Over 25 years - Females","86",""
"2016M12","Denmark","Thousand persons","Unadjusted data (i.e. neither seasonally adjusted nor calendar adjusted data)","Unemployment according to ILO definition - Over 25 years - Females","61",""
"2016M12","Germany (until 1990 former territory of the FRG)","Thousand persons","Unadjusted data (i.e. neither seasonally adjusted nor calendar adjusted data)","Unemployment according to ILO definition - Over 25 years - Females","525",""
"2016M12","Estonia","Thousand persons","Unadjusted data (i.e. neither seasonally adjusted nor calendar adjusted data)","Unemployment according to ILO definition - Over 25 years - Females","17",""
"2016M12","Ireland","Thousand persons","Unadjusted data (i.e. neither seasonally adjusted nor calendar adjusted data)","Unemployment according to ILO definition - Over 25 years - Females","47",""
"2016M12","Greece","Thousand persons","Unadjusted data (i.e. neither seasonally adjusted nor calendar adjusted data)","Unemployment according to ILO definition - Over 25 years - Females","540",""
"2016M12","Spain","Thousand persons","Unadjusted data (i.e. neither seasonally adjusted nor calendar adjusted data)","Unemployment according to ILO definition - Over 25 years - Females","1,837",""
"2016M12","France","Thousand persons","Unadjusted data (i.e. neither seasonally adjusted nor calendar adjusted data)","Unemployment according to ILO definition - Over 25 years - Females","1,184",""
"2016M12","Italy","Thousand persons","Unadjusted data (i.e. neither seasonally adjusted nor calendar adjusted data)","Unemployment according to ILO definition - Over 25 years - Females","1,192",""
"2016M12","Cyprus","Thousand persons","Unadjusted data (i.e. neither seasonally adjusted nor calendar adjusted data)","Unemployment according to ILO definition - Over 25 years - Females","22",""
"2016M12","Latvia","Thousand persons","Unadjusted data (i.e. neither seasonally adjusted nor calendar adjusted data)","Unemployment according to ILO definition - Over 25 years - Females","36",""
"2016M12","Lithuania","Thousand persons","Unadjusted data (i.e. neither seasonally adjusted nor calendar adjusted data)","Unemployment according to ILO definition - Over 25 years - Females","46",""
"2016M12","Luxembourg","Thousand persons","Unadjusted data (i.e. neither seasonally adjusted nor calendar adjusted data)","Unemployment according to ILO definition - Over 25 years - Females","7",""
"2016M12","Hungary","Thousand persons","Unadjusted data (i.e. neither seasonally adjusted nor calendar adjusted data)","Unemployment according to ILO definition - Over 25 years - Females","72",""
"2016M12","Malta","Thousand persons","Unadjusted data (i.e. neither seasonally adjusted nor calendar adjusted data)","Unemployment according to ILO definition - Over 25 years - Females","2",""
"2016M12","Netherlands","Thousand persons","Unadjusted data (i.e. neither seasonally adjusted nor calendar adjusted data)","Unemployment according to ILO definition - Over 25 years - Females","173",""
"2016M12","Austria","Thousand persons","Unadjusted data (i.e. neither seasonally adjusted nor calendar adjusted data)","Unemployment according to ILO definition - Over 25 years - Females","76",""
"2016M12","Poland","Thousand persons","Unadjusted data (i.e. neither seasonally adjusted nor calendar adjusted data)","Unemployment according to ILO definition - Over 25 years - Females","340",""
"2016M12","Portugal","Thousand persons","Unadjusted data (i.e. neither seasonally adjusted nor calendar adjusted data)","Unemployment according to ILO definition - Over 25 years - Females","216",""
"2016M12","Romania","Thousand persons","Unadjusted data (i.e. neither seasonally adjusted nor calendar adjusted data)","Unemployment according to ILO definition - Over 25 years - Females","144",""
"2016M12","Slovenia","Thousand persons","Unadjusted data (i.e. neither seasonally adjusted nor calendar adjusted data)","Unemployment according to ILO definition - Over 25 years - Females","35",""
"2016M12","Slovakia","Thousand persons","Unadjusted data (i.e. neither seasonally adjusted nor calendar adjusted data)","Unemployment according to ILO definition - Over 25 years - Females","99",""
"2016M12","Finland","Thousand persons","Unadjusted data (i.e. neither seasonally adjusted nor calendar adjusted data)","Unemployment according to ILO definition - Over 25 years - Females","76",""
"2016M12","Sweden","Thousand persons","Unadjusted data (i.e. neither seasonally adjusted nor calendar adjusted data)","Unemployment according to ILO definition - Over 25 years - Females","102",""
"2016M12","United Kingdom","Thousand persons","Unadjusted data (i.e. neither seasonally adjusted nor calendar adjusted data)","Unemployment according to ILO definition - Over 25 years - Females","468",""
"2017M01","Euro area (EA11-2000, EA12-2006, EA13-2007, EA15-2008, EA16-2010, EA17-2013, EA18-2014, EA19)","Thousand persons","Unadjusted data (i.e. neither seasonally adjusted nor calendar adjusted data)","Unemployment according to ILO definition - Over 25 years - Females","6,527",""
"2017M01","Euro area (19 countries)","Thousand persons","Unadjusted data (i.e. neither seasonally adjusted nor calendar adjusted data)","Unemployment according to ILO definition - Over 25 years - Females","6,527",""
"2017M01","Euro area (18 countries)","Thousand persons","Unadjusted data (i.e. neither seasonally adjusted nor calendar adjusted data)","Unemployment according to ILO definition - Over 25 years - Females","6,488",""
"2017M01","European Union (28 countries)","Thousand persons","Unadjusted data (i.e. neither seasonally adjusted nor calendar adjusted data)","Unemployment according to ILO definition - Over 25 years - Females","8,003",""
"2017M01","European Union (27 countries)","Thousand persons","Unadjusted data (i.e. neither seasonally adjusted nor calendar adjusted data)","Unemployment according to ILO definition - Over 25 years - Females","7,904",""
"2017M01","Belgium","Thousand persons","Unadjusted data (i.e. neither seasonally adjusted nor calendar adjusted data)","Unemployment according to ILO definition - Over 25 years - Females","151","b"
"2017M01","Bulgaria","Thousand persons","Unadjusted data (i.e. neither seasonally adjusted nor calendar adjusted data)","Unemployment according to ILO definition - Over 25 years - Females","96",""
"2017M01","Czech Republic","Thousand persons","Unadjusted data (i.e. neither seasonally adjusted nor calendar adjusted data)","Unemployment according to ILO definition - Over 25 years - Females","89",""
"2017M01","Denmark","Thousand persons","Unadjusted data (i.e. neither seasonally adjusted nor calendar adjusted data)","Unemployment according to ILO definition - Over 25 years - Females","63",""
"2017M01","Germany (until 1990 former territory of the FRG)","Thousand persons","Unadjusted data (i.e. neither seasonally adjusted nor calendar adjusted data)","Unemployment according to ILO definition - Over 25 years - Females","579",""
"2017M01","Estonia","Thousand persons","Unadjusted data (i.e. neither seasonally adjusted nor calendar adjusted data)","Unemployment according to ILO definition - Over 25 years - Females","16",""
"2017M01","Ireland","Thousand persons","Unadjusted data (i.e. neither seasonally adjusted nor calendar adjusted data)","Unemployment according to ILO definition - Over 25 years - Females","49",""
"2017M01","Greece","Thousand persons","Unadjusted data (i.e. neither seasonally adjusted nor calendar adjusted data)","Unemployment according to ILO definition - Over 25 years - Females","545",""
"2017M01","Spain","Thousand persons","Unadjusted data (i.e. neither seasonally adjusted nor calendar adjusted data)","Unemployment according to ILO definition - Over 25 years - Females","1,905",""
"2017M01","France","Thousand persons","Unadjusted data (i.e. neither seasonally adjusted nor calendar adjusted data)","Unemployment according to ILO definition - Over 25 years - Females","1,201",""
"2017M01","Italy","Thousand persons","Unadjusted data (i.e. neither seasonally adjusted nor calendar adjusted data)","Unemployment according to ILO definition - Over 25 years - Females","1,219",""
"2017M01","Cyprus","Thousand persons","Unadjusted data (i.e. neither seasonally adjusted nor calendar adjusted data)","Unemployment according to ILO definition - Over 25 years - Females","23",""
"2017M01","Latvia","Thousand persons","Unadjusted data (i.e. neither seasonally adjusted nor calendar adjusted data)","Unemployment according to ILO definition - Over 25 years - Females","36",""
"2017M01","Lithuania","Thousand persons","Unadjusted data (i.e. neither seasonally adjusted nor calendar adjusted data)","Unemployment according to ILO definition - Over 25 years - Females","39",""
"2017M01","Luxembourg","Thousand persons","Unadjusted data (i.e. neither seasonally adjusted nor calendar adjusted data)","Unemployment according to ILO definition - Over 25 years - Females","7",""
"2017M01","Hungary","Thousand persons","Unadjusted data (i.e. neither seasonally adjusted nor calendar adjusted data)","Unemployment according to ILO definition - Over 25 years - Females","76",""
"2017M01","Malta","Thousand persons","Unadjusted data (i.e. neither seasonally adjusted nor calendar adjusted data)","Unemployment according to ILO definition - Over 25 years - Females","3",""
"2017M01","Netherlands","Thousand persons","Unadjusted data (i.e. neither seasonally adjusted nor calendar adjusted data)","Unemployment according to ILO definition - Over 25 years - Females","189",""
"2017M01","Austria","Thousand persons","Unadjusted data (i.e. neither seasonally adjusted nor calendar adjusted data)","Unemployment according to ILO definition - Over 25 years - Females","88",""
"2017M01","Poland","Thousand persons","Unadjusted data (i.e. neither seasonally adjusted nor calendar adjusted data)","Unemployment according to ILO definition - Over 25 years - Females","337",""
"2017M01","Portugal","Thousand persons","Unadjusted data (i.e. neither seasonally adjusted nor calendar adjusted data)","Unemployment according to ILO definition - Over 25 years - Females","222",""
"2017M01","Romania","Thousand persons","Unadjusted data (i.e. neither seasonally adjusted nor calendar adjusted data)","Unemployment according to ILO definition - Over 25 years - Females","120",""
"2017M01","Slovenia","Thousand persons","Unadjusted data (i.e. neither seasonally adjusted nor calendar adjusted data)","Unemployment according to ILO definition - Over 25 years - Females","36",""
"2017M01","Slovakia","Thousand persons","Unadjusted data (i.e. neither seasonally adjusted nor calendar adjusted data)","Unemployment according to ILO definition - Over 25 years - Females","95",""
"2017M01","Finland","Thousand persons","Unadjusted data (i.e. neither seasonally adjusted nor calendar adjusted data)","Unemployment according to ILO definition - Over 25 years - Females","85",""
"2017M01","Sweden","Thousand persons","Unadjusted data (i.e. neither seasonally adjusted nor calendar adjusted data)","Unemployment according to ILO definition - Over 25 years - Females","122",""
"2017M01","United Kingdom","Thousand persons","Unadjusted data (i.e. neither seasonally adjusted nor calendar adjusted data)","Unemployment according to ILO definition - Over 25 years - Females","473",""
"2017M02","Euro area (EA11-2000, EA12-2006, EA13-2007, EA15-2008, EA16-2010, EA17-2013, EA18-2014, EA19)","Thousand persons","Unadjusted data (i.e. neither seasonally adjusted nor calendar adjusted data)","Unemployment according to ILO definition - Over 25 years - Females","6,452",""
"2017M02","Euro area (19 countries)","Thousand persons","Unadjusted data (i.e. neither seasonally adjusted nor calendar adjusted data)","Unemployment according to ILO definition - Over 25 years - Females","6,452",""
"2017M02","Euro area (18 countries)","Thousand persons","Unadjusted data (i.e. neither seasonally adjusted nor calendar adjusted data)","Unemployment according to ILO definition - Over 25 years - Females","6,414",""
"2017M02","European Union (28 countries)","Thousand persons","Unadjusted data (i.e. neither seasonally adjusted nor calendar adjusted data)","Unemployment according to ILO definition - Over 25 years - Females","7,894",""
"2017M02","European Union (27 countries)","Thousand persons","Unadjusted data (i.e. neither seasonally adjusted nor calendar adjusted data)","Unemployment according to ILO definition - Over 25 years - Females","7,795",""
"2017M02","Belgium","Thousand persons","Unadjusted data (i.e. neither seasonally adjusted nor calendar adjusted data)","Unemployment according to ILO definition - Over 25 years - Females","157",""
"2017M02","Bulgaria","Thousand persons","Unadjusted data (i.e. neither seasonally adjusted nor calendar adjusted data)","Unemployment according to ILO definition - Over 25 years - Females","99",""
"2017M02","Czech Republic","Thousand persons","Unadjusted data (i.e. neither seasonally adjusted nor calendar adjusted data)","Unemployment according to ILO definition - Over 25 years - Females","87",""
"2017M02","Denmark","Thousand persons","Unadjusted data (i.e. neither seasonally adjusted nor calendar adjusted data)","Unemployment according to ILO definition - Over 25 years - Females","62",""
"2017M02","Germany (until 1990 former territory of the FRG)","Thousand persons","Unadjusted data (i.e. neither seasonally adjusted nor calendar adjusted data)","Unemployment according to ILO definition - Over 25 years - Females","631",""
"2017M02","Estonia","Thousand persons","Unadjusted data (i.e. neither seasonally adjusted nor calendar adjusted data)","Unemployment according to ILO definition - Over 25 years - Females","14",""
"2017M02","Ireland","Thousand persons","Unadjusted data (i.e. neither seasonally adjusted nor calendar adjusted data)","Unemployment according to ILO definition - Over 25 years - Females","48",""
"2017M02","Greece","Thousand persons","Unadjusted data (i.e. neither seasonally adjusted nor calendar adjusted data)","Unemployment according to ILO definition - Over 25 years - Females","524",""
"2017M02","Spain","Thousand persons","Unadjusted data (i.e. neither seasonally adjusted nor calendar adjusted data)","Unemployment according to ILO definition - Over 25 years - Females","1,911",""
"2017M02","France","Thousand persons","Unadjusted data (i.e. neither seasonally adjusted nor calendar adjusted data)","Unemployment according to ILO definition - Over 25 years - Females","1,177",""
"2017M02","Italy","Thousand persons","Unadjusted data (i.e. neither seasonally adjusted nor calendar adjusted data)","Unemployment according to ILO definition - Over 25 years - Females","1,219",""
"2017M02","Cyprus","Thousand persons","Unadjusted data (i.e. neither seasonally adjusted nor calendar adjusted data)","Unemployment according to ILO definition - Over 25 years - Females","23",""
"2017M02","Latvia","Thousand persons","Unadjusted data (i.e. neither seasonally adjusted nor calendar adjusted data)","Unemployment according to ILO definition - Over 25 years - Females","35",""
"2017M02","Lithuania","Thousand persons","Unadjusted data (i.e. neither seasonally adjusted nor calendar adjusted data)","Unemployment according to ILO definition - Over 25 years - Females","38",""
"2017M02","Luxembourg","Thousand persons","Unadjusted data (i.e. neither seasonally adjusted nor calendar adjusted data)","Unemployment according to ILO definition - Over 25 years - Females","6",""
"2017M02","Hungary","Thousand persons","Unadjusted data (i.e. neither seasonally adjusted nor calendar adjusted data)","Unemployment according to ILO definition - Over 25 years - Females","84",""
"2017M02","Malta","Thousand persons","Unadjusted data (i.e. neither seasonally adjusted nor calendar adjusted data)","Unemployment according to ILO definition - Over 25 years - Females","2",""
"2017M02","Netherlands","Thousand persons","Unadjusted data (i.e. neither seasonally adjusted nor calendar adjusted data)","Unemployment according to ILO definition - Over 25 years - Females","183",""
"2017M02","Austria","Thousand persons","Unadjusted data (i.e. neither seasonally adjusted nor calendar adjusted data)","Unemployment according to ILO definition - Over 25 years - Females","86",""
"2017M02","Poland","Thousand persons","Unadjusted data (i.e. neither seasonally adjusted nor calendar adjusted data)","Unemployment according to ILO definition - Over 25 years - Females","325",""
"2017M02","Portugal","Thousand persons","Unadjusted data (i.e. neither seasonally adjusted nor calendar adjusted data)","Unemployment according to ILO definition - Over 25 years - Females","221",""
"2017M02","Romania","Thousand persons","Unadjusted data (i.e. neither seasonally adjusted nor calendar adjusted data)","Unemployment according to ILO definition - Over 25 years - Females","125",""
"2017M02","Slovenia","Thousand persons","Unadjusted data (i.e. neither seasonally adjusted nor calendar adjusted data)","Unemployment according to ILO definition - Over 25 years - Females","36",""
"2017M02","Slovakia","Thousand persons","Unadjusted data (i.e. neither seasonally adjusted nor calendar adjusted data)","Unemployment according to ILO definition - Over 25 years - Females","93",""
"2017M02","Finland","Thousand persons","Unadjusted data (i.e. neither seasonally adjusted nor calendar adjusted data)","Unemployment according to ILO definition - Over 25 years - Females","74",""
"2017M02","Sweden","Thousand persons","Unadjusted data (i.e. neither seasonally adjusted nor calendar adjusted data)","Unemployment according to ILO definition - Over 25 years - Females","109",""
"2017M02","United Kingdom","Thousand persons","Unadjusted data (i.e. neither seasonally adjusted nor calendar adjusted data)","Unemployment according to ILO definition - Over 25 years - Females","451",""
"2017M03","Euro area (EA11-2000, EA12-2006, EA13-2007, EA15-2008, EA16-2010, EA17-2013, EA18-2014, EA19)","Thousand persons","Unadjusted data (i.e. neither seasonally adjusted nor calendar adjusted data)","Unemployment according to ILO definition - Over 25 years - Females","6,298",""
"2017M03","Euro area (19 countries)","Thousand persons","Unadjusted data (i.e. neither seasonally adjusted nor calendar adjusted data)","Unemployment according to ILO definition - Over 25 years - Females","6,298",""
"2017M03","Euro area (18 countries)","Thousand persons","Unadjusted data (i.e. neither seasonally adjusted nor calendar adjusted data)","Unemployment according to ILO definition - Over 25 years - Females","6,261",""
"2017M03","European Union (28 countries)","Thousand persons","Unadjusted data (i.e. neither seasonally adjusted nor calendar adjusted data)","Unemployment according to ILO definition - Over 25 years - Females","7,717",""
"2017M03","European Union (27 countries)","Thousand persons","Unadjusted data (i.e. neither seasonally adjusted nor calendar adjusted data)","Unemployment according to ILO definition - Over 25 years - Females","7,623",""
"2017M03","Belgium","Thousand persons","Unadjusted data (i.e. neither seasonally adjusted nor calendar adjusted data)","Unemployment according to ILO definition - Over 25 years - Females","153",""
"2017M03","Bulgaria","Thousand persons","Unadjusted data (i.e. neither seasonally adjusted nor calendar adjusted data)","Unemployment according to ILO definition - Over 25 years - Females","95",""
"2017M03","Czech Republic","Thousand persons","Unadjusted data (i.e. neither seasonally adjusted nor calendar adjusted data)","Unemployment according to ILO definition - Over 25 years - Females","90",""
"2017M03","Denmark","Thousand persons","Unadjusted data (i.e. neither seasonally adjusted nor calendar adjusted data)","Unemployment according to ILO definition - Over 25 years - Females","61",""
"2017M03","Germany (until 1990 former territory of the FRG)","Thousand persons","Unadjusted data (i.e. neither seasonally adjusted nor calendar adjusted data)","Unemployment according to ILO definition - Over 25 years - Females","590",""
"2017M03","Estonia","Thousand persons","Unadjusted data (i.e. neither seasonally adjusted nor calendar adjusted data)","Unemployment according to ILO definition - Over 25 years - Females","13",""
"2017M03","Ireland","Thousand persons","Unadjusted data (i.e. neither seasonally adjusted nor calendar adjusted data)","Unemployment according to ILO definition - Over 25 years - Females","45",""
"2017M03","Greece","Thousand persons","Unadjusted data (i.e. neither seasonally adjusted nor calendar adjusted data)","Unemployment according to ILO definition - Over 25 years - Females","506",""
"2017M03","Spain","Thousand persons","Unadjusted data (i.e. neither seasonally adjusted nor calendar adjusted data)","Unemployment according to ILO definition - Over 25 years - Females","1,886",""
"2017M03","France","Thousand persons","Unadjusted data (i.e. neither seasonally adjusted nor calendar adjusted data)","Unemployment according to ILO definition - Over 25 years - Females","1,118",""
"2017M03","Italy","Thousand persons","Unadjusted data (i.e. neither seasonally adjusted nor calendar adjusted data)","Unemployment according to ILO definition - Over 25 years - Females","1,219",""
"2017M03","Cyprus","Thousand persons","Unadjusted data (i.e. neither seasonally adjusted nor calendar adjusted data)","Unemployment according to ILO definition - Over 25 years - Females","22",""
"2017M03","Latvia","Thousand persons","Unadjusted data (i.e. neither seasonally adjusted nor calendar adjusted data)","Unemployment according to ILO definition - Over 25 years - Females","33",""
"2017M03","Lithuania","Thousand persons","Unadjusted data (i.e. neither seasonally adjusted nor calendar adjusted data)","Unemployment according to ILO definition - Over 25 years - Females","37",""
"2017M03","Luxembourg","Thousand persons","Unadjusted data (i.e. neither seasonally adjusted nor calendar adjusted data)","Unemployment according to ILO definition - Over 25 years - Females","6",""
"2017M03","Hungary","Thousand persons","Unadjusted data (i.e. neither seasonally adjusted nor calendar adjusted data)","Unemployment according to ILO definition - Over 25 years - Females","88",""
"2017M03","Malta","Thousand persons","Unadjusted data (i.e. neither seasonally adjusted nor calendar adjusted data)","Unemployment according to ILO definition - Over 25 years - Females","2",""
"2017M03","Netherlands","Thousand persons","Unadjusted data (i.e. neither seasonally adjusted nor calendar adjusted data)","Unemployment according to ILO definition - Over 25 years - Females","173",""
"2017M03","Austria","Thousand persons","Unadjusted data (i.e. neither seasonally adjusted nor calendar adjusted data)","Unemployment according to ILO definition - Over 25 years - Females","90",""
"2017M03","Poland","Thousand persons","Unadjusted data (i.e. neither seasonally adjusted nor calendar adjusted data)","Unemployment according to ILO definition - Over 25 years - Females","312",""
"2017M03","Portugal","Thousand persons","Unadjusted data (i.e. neither seasonally adjusted nor calendar adjusted data)","Unemployment according to ILO definition - Over 25 years - Females","217",""
"2017M03","Romania","Thousand persons","Unadjusted data (i.e. neither seasonally adjusted nor calendar adjusted data)","Unemployment according to ILO definition - Over 25 years - Females","125",""
"2017M03","Slovenia","Thousand persons","Unadjusted data (i.e. neither seasonally adjusted nor calendar adjusted data)","Unemployment according to ILO definition - Over 25 years - Females","35",""
"2017M03","Slovakia","Thousand persons","Unadjusted data (i.e. neither seasonally adjusted nor calendar adjusted data)","Unemployment according to ILO definition - Over 25 years - Females","91",""
"2017M03","Finland","Thousand persons","Unadjusted data (i.e. neither seasonally adjusted nor calendar adjusted data)","Unemployment according to ILO definition - Over 25 years - Females","72",""
"2017M03","Sweden","Thousand persons","Unadjusted data (i.e. neither seasonally adjusted nor calendar adjusted data)","Unemployment according to ILO definition - Over 25 years - Females","104",""
"2017M03","United Kingdom","Thousand persons","Unadjusted data (i.e. neither seasonally adjusted nor calendar adjusted data)","Unemployment according to ILO definition - Over 25 years - Females","450",""
"2017M04","Euro area (EA11-2000, EA12-2006, EA13-2007, EA15-2008, EA16-2010, EA17-2013, EA18-2014, EA19)","Thousand persons","Unadjusted data (i.e. neither seasonally adjusted nor calendar adjusted data)","Unemployment according to ILO definition - Over 25 years - Females","6,081",""
"2017M04","Euro area (19 countries)","Thousand persons","Unadjusted data (i.e. neither seasonally adjusted nor calendar adjusted data)","Unemployment according to ILO definition - Over 25 years - Females","6,081",""
"2017M04","Euro area (18 countries)","Thousand persons","Unadjusted data (i.e. neither seasonally adjusted nor calendar adjusted data)","Unemployment according to ILO definition - Over 25 years - Females","6,046",""
"2017M04","European Union (28 countries)","Thousand persons","Unadjusted data (i.e. neither seasonally adjusted nor calendar adjusted data)","Unemployment according to ILO definition - Over 25 years - Females","7,452",""
"2017M04","European Union (27 countries)","Thousand persons","Unadjusted data (i.e. neither seasonally adjusted nor calendar adjusted data)","Unemployment according to ILO definition - Over 25 years - Females","7,365",""
"2017M04","Belgium","Thousand persons","Unadjusted data (i.e. neither seasonally adjusted nor calendar adjusted data)","Unemployment according to ILO definition - Over 25 years - Females","140",""
"2017M04","Bulgaria","Thousand persons","Unadjusted data (i.e. neither seasonally adjusted nor calendar adjusted data)","Unemployment according to ILO definition - Over 25 years - Females","87",""
"2017M04","Czech Republic","Thousand persons","Unadjusted data (i.e. neither seasonally adjusted nor calendar adjusted data)","Unemployment according to ILO definition - Over 25 years - Females","88",""
"2017M04","Denmark","Thousand persons","Unadjusted data (i.e. neither seasonally adjusted nor calendar adjusted data)","Unemployment according to ILO definition - Over 25 years - Females","59",""
"2017M04","Germany (until 1990 former territory of the FRG)","Thousand persons","Unadjusted data (i.e. neither seasonally adjusted nor calendar adjusted data)","Unemployment according to ILO definition - Over 25 years - Females","582",""
"2017M04","Estonia","Thousand persons","Unadjusted data (i.e. neither seasonally adjusted nor calendar adjusted data)","Unemployment according to ILO definition - Over 25 years - Females","15",""
"2017M04","Ireland","Thousand persons","Unadjusted data (i.e. neither seasonally adjusted nor calendar adjusted data)","Unemployment according to ILO definition - Over 25 years - Females","40",""
"2017M04","Greece","Thousand persons","Unadjusted data (i.e. neither seasonally adjusted nor calendar adjusted data)","Unemployment according to ILO definition - Over 25 years - Females","506",""
"2017M04","Spain","Thousand persons","Unadjusted data (i.e. neither seasonally adjusted nor calendar adjusted data)","Unemployment according to ILO definition - Over 25 years - Females","1,809",""
"2017M04","France","Thousand persons","Unadjusted data (i.e. neither seasonally adjusted nor calendar adjusted data)","Unemployment according to ILO definition - Over 25 years - Females","1,034",""
"2017M04","Italy","Thousand persons","Unadjusted data (i.e. neither seasonally adjusted nor calendar adjusted data)","Unemployment according to ILO definition - Over 25 years - Females","1,112",""
"2017M04","Cyprus","Thousand persons","Unadjusted data (i.e. neither seasonally adjusted nor calendar adjusted data)","Unemployment according to ILO definition - Over 25 years - Females","18",""
"2017M04","Latvia","Thousand persons","Unadjusted data (i.e. neither seasonally adjusted nor calendar adjusted data)","Unemployment according to ILO definition - Over 25 years - Females","31",""
"2017M04","Lithuania","Thousand persons","Unadjusted data (i.e. neither seasonally adjusted nor calendar adjusted data)","Unemployment according to ILO definition - Over 25 years - Females","35",""
"2017M04","Luxembourg","Thousand persons","Unadjusted data (i.e. neither seasonally adjusted nor calendar adjusted data)","Unemployment according to ILO definition - Over 25 years - Females","6",""
"2017M04","Hungary","Thousand persons","Unadjusted data (i.e. neither seasonally adjusted nor calendar adjusted data)","Unemployment according to ILO definition - Over 25 years - Females","85",""
"2017M04","Malta","Thousand persons","Unadjusted data (i.e. neither seasonally adjusted nor calendar adjusted data)","Unemployment according to ILO definition - Over 25 years - Females","2",""
"2017M04","Netherlands","Thousand persons","Unadjusted data (i.e. neither seasonally adjusted nor calendar adjusted data)","Unemployment according to ILO definition - Over 25 years - Females","173",""
"2017M04","Austria","Thousand persons","Unadjusted data (i.e. neither seasonally adjusted nor calendar adjusted data)","Unemployment according to ILO definition - Over 25 years - Females","80",""
"2017M04","Poland","Thousand persons","Unadjusted data (i.e. neither seasonally adjusted nor calendar adjusted data)","Unemployment according to ILO definition - Over 25 years - Females","303",""
"2017M04","Portugal","Thousand persons","Unadjusted data (i.e. neither seasonally adjusted nor calendar adjusted data)","Unemployment according to ILO definition - Over 25 years - Females","209",""
"2017M04","Romania","Thousand persons","Unadjusted data (i.e. neither seasonally adjusted nor calendar adjusted data)","Unemployment according to ILO definition - Over 25 years - Females","107",""
"2017M04","Slovenia","Thousand persons","Unadjusted data (i.e. neither seasonally adjusted nor calendar adjusted data)","Unemployment according to ILO definition - Over 25 years - Females","33",""
"2017M04","Slovakia","Thousand persons","Unadjusted data (i.e. neither seasonally adjusted nor calendar adjusted data)","Unemployment according to ILO definition - Over 25 years - Females","92",""
"2017M04","Finland","Thousand persons","Unadjusted data (i.e. neither seasonally adjusted nor calendar adjusted data)","Unemployment according to ILO definition - Over 25 years - Females","89",""
"2017M04","Sweden","Thousand persons","Unadjusted data (i.e. neither seasonally adjusted nor calendar adjusted data)","Unemployment according to ILO definition - Over 25 years - Females","117",""
"2017M04","United Kingdom","Thousand persons","Unadjusted data (i.e. neither seasonally adjusted nor calendar adjusted data)","Unemployment according to ILO definition - Over 25 years - Females","438",""
"2017M05","Euro area (EA11-2000, EA12-2006, EA13-2007, EA15-2008, EA16-2010, EA17-2013, EA18-2014, EA19)","Thousand persons","Unadjusted data (i.e. neither seasonally adjusted nor calendar adjusted data)","Unemployment according to ILO definition - Over 25 years - Females","5,820",""
"2017M05","Euro area (19 countries)","Thousand persons","Unadjusted data (i.e. neither seasonally adjusted nor calendar adjusted data)","Unemployment according to ILO definition - Over 25 years - Females","5,820",""
"2017M05","Euro area (18 countries)","Thousand persons","Unadjusted data (i.e. neither seasonally adjusted nor calendar adjusted data)","Unemployment according to ILO definition - Over 25 years - Females","5,787",""
"2017M05","European Union (28 countries)","Thousand persons","Unadjusted data (i.e. neither seasonally adjusted nor calendar adjusted data)","Unemployment according to ILO definition - Over 25 years - Females","7,144",""
"2017M05","European Union (27 countries)","Thousand persons","Unadjusted data (i.e. neither seasonally adjusted nor calendar adjusted data)","Unemployment according to ILO definition - Over 25 years - Females","7,066",""
"2017M05","Belgium","Thousand persons","Unadjusted data (i.e. neither seasonally adjusted nor calendar adjusted data)","Unemployment according to ILO definition - Over 25 years - Females","130",""
"2017M05","Bulgaria","Thousand persons","Unadjusted data (i.e. neither seasonally adjusted nor calendar adjusted data)","Unemployment according to ILO definition - Over 25 years - Females","80",""
"2017M05","Czech Republic","Thousand persons","Unadjusted data (i.e. neither seasonally adjusted nor calendar adjusted data)","Unemployment according to ILO definition - Over 25 years - Females","71",""
"2017M05","Denmark","Thousand persons","Unadjusted data (i.e. neither seasonally adjusted nor calendar adjusted data)","Unemployment according to ILO definition - Over 25 years - Females","59",""
"2017M05","Germany (until 1990 former territory of the FRG)","Thousand persons","Unadjusted data (i.e. neither seasonally adjusted nor calendar adjusted data)","Unemployment according to ILO definition - Over 25 years - Females","524",""
"2017M05","Estonia","Thousand persons","Unadjusted data (i.e. neither seasonally adjusted nor calendar adjusted data)","Unemployment according to ILO definition - Over 25 years - Females","17",""
"2017M05","Ireland","Thousand persons","Unadjusted data (i.e. neither seasonally adjusted nor calendar adjusted data)","Unemployment according to ILO definition - Over 25 years - Females","37",""
"2017M05","Greece","Thousand persons","Unadjusted data (i.e. neither seasonally adjusted nor calendar adjusted data)","Unemployment according to ILO definition - Over 25 years - Females","493",""
"2017M05","Spain","Thousand persons","Unadjusted data (i.e. neither seasonally adjusted nor calendar adjusted data)","Unemployment according to ILO definition - Over 25 years - Females","1,749",""
"2017M05","France","Thousand persons","Unadjusted data (i.e. neither seasonally adjusted nor calendar adjusted data)","Unemployment according to ILO definition - Over 25 years - Females","1,001",""
"2017M05","Italy","Thousand persons","Unadjusted data (i.e. neither seasonally adjusted nor calendar adjusted data)","Unemployment according to ILO definition - Over 25 years - Females","1,112",""
"2017M05","Cyprus","Thousand persons","Unadjusted data (i.e. neither seasonally adjusted nor calendar adjusted data)","Unemployment according to ILO definition - Over 25 years - Females","17",""
"2017M05","Latvia","Thousand persons","Unadjusted data (i.e. neither seasonally adjusted nor calendar adjusted data)","Unemployment according to ILO definition - Over 25 years - Females","30",""
"2017M05","Lithuania","Thousand persons","Unadjusted data (i.e. neither seasonally adjusted nor calendar adjusted data)","Unemployment according to ILO definition - Over 25 years - Females","33",""
"2017M05","Luxembourg","Thousand persons","Unadjusted data (i.e. neither seasonally adjusted nor calendar adjusted data)","Unemployment according to ILO definition - Over 25 years - Females","6",""
"2017M05","Hungary","Thousand persons","Unadjusted data (i.e. neither seasonally adjusted nor calendar adjusted data)","Unemployment according to ILO definition - Over 25 years - Females","80",""
"2017M05","Malta","Thousand persons","Unadjusted data (i.e. neither seasonally adjusted nor calendar adjusted data)","Unemployment according to ILO definition - Over 25 years - Females","2",""
"2017M05","Netherlands","Thousand persons","Unadjusted data (i.e. neither seasonally adjusted nor calendar adjusted data)","Unemployment according to ILO definition - Over 25 years - Females","171",""
"2017M05","Austria","Thousand persons","Unadjusted data (i.e. neither seasonally adjusted nor calendar adjusted data)","Unemployment according to ILO definition - Over 25 years - Females","87",""
"2017M05","Poland","Thousand persons","Unadjusted data (i.e. neither seasonally adjusted nor calendar adjusted data)","Unemployment according to ILO definition - Over 25 years - Females","296",""
"2017M05","Portugal","Thousand persons","Unadjusted data (i.e. neither seasonally adjusted nor calendar adjusted data)","Unemployment according to ILO definition - Over 25 years - Females","200",""
"2017M05","Romania","Thousand persons","Unadjusted data (i.e. neither seasonally adjusted nor calendar adjusted data)","Unemployment according to ILO definition - Over 25 years - Females","105",""
"2017M05","Slovenia","Thousand persons","Unadjusted data (i.e. neither seasonally adjusted nor calendar adjusted data)","Unemployment according to ILO definition - Over 25 years - Females","32",""
"2017M05","Slovakia","Thousand persons","Unadjusted data (i.e. neither seasonally adjusted nor calendar adjusted data)","Unemployment according to ILO definition - Over 25 years - Females","91",""
"2017M05","Finland","Thousand persons","Unadjusted data (i.e. neither seasonally adjusted nor calendar adjusted data)","Unemployment according to ILO definition - Over 25 years - Females","77",""
"2017M05","Sweden","Thousand persons","Unadjusted data (i.e. neither seasonally adjusted nor calendar adjusted data)","Unemployment according to ILO definition - Over 25 years - Females","114",""
"2017M05","United Kingdom","Thousand persons","Unadjusted data (i.e. neither seasonally adjusted nor calendar adjusted data)","Unemployment according to ILO definition - Over 25 years - Females","441",""
"2017M06","Euro area (EA11-2000, EA12-2006, EA13-2007, EA15-2008, EA16-2010, EA17-2013, EA18-2014, EA19)","Thousand persons","Unadjusted data (i.e. neither seasonally adjusted nor calendar adjusted data)","Unemployment according to ILO definition - Over 25 years - Females","5,547",""
"2017M06","Euro area (19 countries)","Thousand persons","Unadjusted data (i.e. neither seasonally adjusted nor calendar adjusted data)","Unemployment according to ILO definition - Over 25 years - Females","5,547",""
"2017M06","Euro area (18 countries)","Thousand persons","Unadjusted data (i.e. neither seasonally adjusted nor calendar adjusted data)","Unemployment according to ILO definition - Over 25 years - Females","5,512",""
"2017M06","European Union (28 countries)","Thousand persons","Unadjusted data (i.e. neither seasonally adjusted nor calendar adjusted data)","Unemployment according to ILO definition - Over 25 years - Females","6,825",""
"2017M06","European Union (27 countries)","Thousand persons","Unadjusted data (i.e. neither seasonally adjusted nor calendar adjusted data)","Unemployment according to ILO definition - Over 25 years - Females","6,751",""
"2017M06","Belgium","Thousand persons","Unadjusted data (i.e. neither seasonally adjusted nor calendar adjusted data)","Unemployment according to ILO definition - Over 25 years - Females","127",""
"2017M06","Bulgaria","Thousand persons","Unadjusted data (i.e. neither seasonally adjusted nor calendar adjusted data)","Unemployment according to ILO definition - Over 25 years - Females","76",""
"2017M06","Czech Republic","Thousand persons","Unadjusted data (i.e. neither seasonally adjusted nor calendar adjusted data)","Unemployment according to ILO definition - Over 25 years - Females","66",""
"2017M06","Denmark","Thousand persons","Unadjusted data (i.e. neither seasonally adjusted nor calendar adjusted data)","Unemployment according to ILO definition - Over 25 years - Females","57",""
"2017M06","Germany (until 1990 former territory of the FRG)","Thousand persons","Unadjusted data (i.e. neither seasonally adjusted nor calendar adjusted data)","Unemployment according to ILO definition - Over 25 years - Females","487",""
"2017M06","Estonia","Thousand persons","Unadjusted data (i.e. neither seasonally adjusted nor calendar adjusted data)","Unemployment according to ILO definition - Over 25 years - Females","16",""
"2017M06","Ireland","Thousand persons","Unadjusted data (i.e. neither seasonally adjusted nor calendar adjusted data)","Unemployment according to ILO definition - Over 25 years - Females","38",""
"2017M06","Greece","Thousand persons","Unadjusted data (i.e. neither seasonally adjusted nor calendar adjusted data)","Unemployment according to ILO definition - Over 25 years - Females","452",""
"2017M06","Spain","Thousand persons","Unadjusted data (i.e. neither seasonally adjusted nor calendar adjusted data)","Unemployment according to ILO definition - Over 25 years - Females","1,697",""
"2017M06","France","Thousand persons","Unadjusted data (i.e. neither seasonally adjusted nor calendar adjusted data)","Unemployment according to ILO definition - Over 25 years - Females","979",""
"2017M06","Italy","Thousand persons","Unadjusted data (i.e. neither seasonally adjusted nor calendar adjusted data)","Unemployment according to ILO definition - Over 25 years - Females","1,112",""
"2017M06","Cyprus","Thousand persons","Unadjusted data (i.e. neither seasonally adjusted nor calendar adjusted data)","Unemployment according to ILO definition - Over 25 years - Females","18",""
"2017M06","Latvia","Thousand persons","Unadjusted data (i.e. neither seasonally adjusted nor calendar adjusted data)","Unemployment according to ILO definition - Over 25 years - Females","30",""
"2017M06","Lithuania","Thousand persons","Unadjusted data (i.e. neither seasonally adjusted nor calendar adjusted data)","Unemployment according to ILO definition - Over 25 years - Females","35",""
"2017M06","Luxembourg","Thousand persons","Unadjusted data (i.e. neither seasonally adjusted nor calendar adjusted data)","Unemployment according to ILO definition - Over 25 years - Females","6",""
"2017M06","Hungary","Thousand persons","Unadjusted data (i.e. neither seasonally adjusted nor calendar adjusted data)","Unemployment according to ILO definition - Over 25 years - Females","77",""
"2017M06","Malta","Thousand persons","Unadjusted data (i.e. neither seasonally adjusted nor calendar adjusted data)","Unemployment according to ILO definition - Over 25 years - Females","2",""
"2017M06","Netherlands","Thousand persons","Unadjusted data (i.e. neither seasonally adjusted nor calendar adjusted data)","Unemployment according to ILO definition - Over 25 years - Females","152",""
"2017M06","Austria","Thousand persons","Unadjusted data (i.e. neither seasonally adjusted nor calendar adjusted data)","Unemployment according to ILO definition - Over 25 years - Females","83",""
"2017M06","Poland","Thousand persons","Unadjusted data (i.e. neither seasonally adjusted nor calendar adjusted data)","Unemployment according to ILO definition - Over 25 years - Females","289",""
"2017M06","Portugal","Thousand persons","Unadjusted data (i.e. neither seasonally adjusted nor calendar adjusted data)","Unemployment according to ILO definition - Over 25 years - Females","195",""
"2017M06","Romania","Thousand persons","Unadjusted data (i.e. neither seasonally adjusted nor calendar adjusted data)","Unemployment according to ILO definition - Over 25 years - Females","97",""
"2017M06","Slovenia","Thousand persons","Unadjusted data (i.e. neither seasonally adjusted nor calendar adjusted data)","Unemployment according to ILO definition - Over 25 years - Females","31",""
"2017M06","Slovakia","Thousand persons","Unadjusted data (i.e. neither seasonally adjusted nor calendar adjusted data)","Unemployment according to ILO definition - Over 25 years - Females","86",""
"2017M06","Finland","Thousand persons","Unadjusted data (i.e. neither seasonally adjusted nor calendar adjusted data)","Unemployment according to ILO definition - Over 25 years - Females","69",""
"2017M06","Sweden","Thousand persons","Unadjusted data (i.e. neither seasonally adjusted nor calendar adjusted data)","Unemployment according to ILO definition - Over 25 years - Females","106",""
"2017M06","United Kingdom","Thousand persons","Unadjusted data (i.e. neither seasonally adjusted nor calendar adjusted data)","Unemployment according to ILO definition - Over 25 years - Females","435",""
"2017M07","Euro area (EA11-2000, EA12-2006, EA13-2007, EA15-2008, EA16-2010, EA17-2013, EA18-2014, EA19)","Thousand persons","Unadjusted data (i.e. neither seasonally adjusted nor calendar adjusted data)","Unemployment according to ILO definition - Over 25 years - Females","5,690",""
"2017M07","Euro area (19 countries)","Thousand persons","Unadjusted data (i.e. neither seasonally adjusted nor calendar adjusted data)","Unemployment according to ILO definition - Over 25 years - Females","5,690",""
"2017M07","Euro area (18 countries)","Thousand persons","Unadjusted data (i.e. neither seasonally adjusted nor calendar adjusted data)","Unemployment according to ILO definition - Over 25 years - Females","5,654",""
"2017M07","European Union (28 countries)","Thousand persons","Unadjusted data (i.e. neither seasonally adjusted nor calendar adjusted data)","Unemployment according to ILO definition - Over 25 years - Females","6,991",""
"2017M07","European Union (27 countries)","Thousand persons","Unadjusted data (i.e. neither seasonally adjusted nor calendar adjusted data)","Unemployment according to ILO definition - Over 25 years - Females","6,917",""
"2017M07","Belgium","Thousand persons","Unadjusted data (i.e. neither seasonally adjusted nor calendar adjusted data)","Unemployment according to ILO definition - Over 25 years - Females","136",""
"2017M07","Bulgaria","Thousand persons","Unadjusted data (i.e. neither seasonally adjusted nor calendar adjusted data)","Unemployment according to ILO definition - Over 25 years - Females","76",""
"2017M07","Czech Republic","Thousand persons","Unadjusted data (i.e. neither seasonally adjusted nor calendar adjusted data)","Unemployment according to ILO definition - Over 25 years - Females","71",""
"2017M07","Denmark","Thousand persons","Unadjusted data (i.e. neither seasonally adjusted nor calendar adjusted data)","Unemployment according to ILO definition - Over 25 years - Females","55",""
"2017M07","Germany (until 1990 former territory of the FRG)","Thousand persons","Unadjusted data (i.e. neither seasonally adjusted nor calendar adjusted data)","Unemployment according to ILO definition - Over 25 years - Females","506",""
"2017M07","Estonia","Thousand persons","Unadjusted data (i.e. neither seasonally adjusted nor calendar adjusted data)","Unemployment according to ILO definition - Over 25 years - Females","16",""
"2017M07","Ireland","Thousand persons","Unadjusted data (i.e. neither seasonally adjusted nor calendar adjusted data)","Unemployment according to ILO definition - Over 25 years - Females","40",""
"2017M07","Greece","Thousand persons","Unadjusted data (i.e. neither seasonally adjusted nor calendar adjusted data)","Unemployment according to ILO definition - Over 25 years - Females","483",""
"2017M07","Spain","Thousand persons","Unadjusted data (i.e. neither seasonally adjusted nor calendar adjusted data)","Unemployment according to ILO definition - Over 25 years - Females","1,667",""
"2017M07","France","Thousand persons","Unadjusted data (i.e. neither seasonally adjusted nor calendar adjusted data)","Unemployment according to ILO definition - Over 25 years - Females","1,021",""
"2017M07","Italy","Thousand persons","Unadjusted data (i.e. neither seasonally adjusted nor calendar adjusted data)","Unemployment according to ILO definition - Over 25 years - Females",":",""
"2017M07","Cyprus","Thousand persons","Unadjusted data (i.e. neither seasonally adjusted nor calendar adjusted data)","Unemployment according to ILO definition - Over 25 years - Females","20",""
"2017M07","Latvia","Thousand persons","Unadjusted data (i.e. neither seasonally adjusted nor calendar adjusted data)","Unemployment according to ILO definition - Over 25 years - Females","31",""
"2017M07","Lithuania","Thousand persons","Unadjusted data (i.e. neither seasonally adjusted nor calendar adjusted data)","Unemployment according to ILO definition - Over 25 years - Females","37",""
"2017M07","Luxembourg","Thousand persons","Unadjusted data (i.e. neither seasonally adjusted nor calendar adjusted data)","Unemployment according to ILO definition - Over 25 years - Females","6",""
"2017M07","Hungary","Thousand persons","Unadjusted data (i.e. neither seasonally adjusted nor calendar adjusted data)","Unemployment according to ILO definition - Over 25 years - Females","78",""
"2017M07","Malta","Thousand persons","Unadjusted data (i.e. neither seasonally adjusted nor calendar adjusted data)","Unemployment according to ILO definition - Over 25 years - Females","2",""
"2017M07","Netherlands","Thousand persons","Unadjusted data (i.e. neither seasonally adjusted nor calendar adjusted data)","Unemployment according to ILO definition - Over 25 years - Females","141",""
"2017M07","Austria","Thousand persons","Unadjusted data (i.e. neither seasonally adjusted nor calendar adjusted data)","Unemployment according to ILO definition - Over 25 years - Females","68",""
"2017M07","Poland","Thousand persons","Unadjusted data (i.e. neither seasonally adjusted nor calendar adjusted data)","Unemployment according to ILO definition - Over 25 years - Females","291",""
"2017M07","Portugal","Thousand persons","Unadjusted data (i.e. neither seasonally adjusted nor calendar adjusted data)","Unemployment according to ILO definition - Over 25 years - Females","189",""
"2017M07","Romania","Thousand persons","Unadjusted data (i.e. neither seasonally adjusted nor calendar adjusted data)","Unemployment according to ILO definition - Over 25 years - Females","107",""
"2017M07","Slovenia","Thousand persons","Unadjusted data (i.e. neither seasonally adjusted nor calendar adjusted data)","Unemployment according to ILO definition - Over 25 years - Females","31",""
"2017M07","Slovakia","Thousand persons","Unadjusted data (i.e. neither seasonally adjusted nor calendar adjusted data)","Unemployment according to ILO definition - Over 25 years - Females","85",""
"2017M07","Finland","Thousand persons","Unadjusted data (i.e. neither seasonally adjusted nor calendar adjusted data)","Unemployment according to ILO definition - Over 25 years - Females","80",""
"2017M07","Sweden","Thousand persons","Unadjusted data (i.e. neither seasonally adjusted nor calendar adjusted data)","Unemployment according to ILO definition - Over 25 years - Females","122",""
"2017M07","United Kingdom","Thousand persons","Unadjusted data (i.e. neither seasonally adjusted nor calendar adjusted data)","Unemployment according to ILO definition - Over 25 years - Females","426",""
"2017M08","Euro area (EA11-2000, EA12-2006, EA13-2007, EA15-2008, EA16-2010, EA17-2013, EA18-2014, EA19)","Thousand persons","Unadjusted data (i.e. neither seasonally adjusted nor calendar adjusted data)","Unemployment according to ILO definition - Over 25 years - Females","5,713",""
"2017M08","Euro area (19 countries)","Thousand persons","Unadjusted data (i.e. neither seasonally adjusted nor calendar adjusted data)","Unemployment according to ILO definition - Over 25 years - Females","5,713",""
"2017M08","Euro area (18 countries)","Thousand persons","Unadjusted data (i.e. neither seasonally adjusted nor calendar adjusted data)","Unemployment according to ILO definition - Over 25 years - Females","5,676",""
"2017M08","European Union (28 countries)","Thousand persons","Unadjusted data (i.e. neither seasonally adjusted nor calendar adjusted data)","Unemployment according to ILO definition - Over 25 years - Females","6,994",""
"2017M08","European Union (27 countries)","Thousand persons","Unadjusted data (i.e. neither seasonally adjusted nor calendar adjusted data)","Unemployment according to ILO definition - Over 25 years - Females","6,920",""
"2017M08","Belgium","Thousand persons","Unadjusted data (i.e. neither seasonally adjusted nor calendar adjusted data)","Unemployment according to ILO definition - Over 25 years - Females","137",""
"2017M08","Bulgaria","Thousand persons","Unadjusted data (i.e. neither seasonally adjusted nor calendar adjusted data)","Unemployment according to ILO definition - Over 25 years - Females","76",""
"2017M08","Czech Republic","Thousand persons","Unadjusted data (i.e. neither seasonally adjusted nor calendar adjusted data)","Unemployment according to ILO definition - Over 25 years - Females","70",""
"2017M08","Denmark","Thousand persons","Unadjusted data (i.e. neither seasonally adjusted nor calendar adjusted data)","Unemployment according to ILO definition - Over 25 years - Females","58",""
"2017M08","Germany (until 1990 former territory of the FRG)","Thousand persons","Unadjusted data (i.e. neither seasonally adjusted nor calendar adjusted data)","Unemployment according to ILO definition - Over 25 years - Females","529",""
"2017M08","Estonia","Thousand persons","Unadjusted data (i.e. neither seasonally adjusted nor calendar adjusted data)","Unemployment according to ILO definition - Over 25 years - Females","14",""
"2017M08","Ireland","Thousand persons","Unadjusted data (i.e. neither seasonally adjusted nor calendar adjusted data)","Unemployment according to ILO definition - Over 25 years - Females","40",""
"2017M08","Greece","Thousand persons","Unadjusted data (i.e. neither seasonally adjusted nor calendar adjusted data)","Unemployment according to ILO definition - Over 25 years - Females",":",""
"2017M08","Spain","Thousand persons","Unadjusted data (i.e. neither seasonally adjusted nor calendar adjusted data)","Unemployment according to ILO definition - Over 25 years - Females","1,673",""
"2017M08","France","Thousand persons","Unadjusted data (i.e. neither seasonally adjusted nor calendar adjusted data)","Unemployment according to ILO definition - Over 25 years - Females","1,100",""
"2017M08","Italy","Thousand persons","Unadjusted data (i.e. neither seasonally adjusted nor calendar adjusted data)","Unemployment according to ILO definition - Over 25 years - Females",":",""
"2017M08","Cyprus","Thousand persons","Unadjusted data (i.e. neither seasonally adjusted nor calendar adjusted data)","Unemployment according to ILO definition - Over 25 years - Females","19",""
"2017M08","Latvia","Thousand persons","Unadjusted data (i.e. neither seasonally adjusted nor calendar adjusted data)","Unemployment according to ILO definition - Over 25 years - Females","30",""
"2017M08","Lithuania","Thousand persons","Unadjusted data (i.e. neither seasonally adjusted nor calendar adjusted data)","Unemployment according to ILO definition - Over 25 years - Females","36",""
"2017M08","Luxembourg","Thousand persons","Unadjusted data (i.e. neither seasonally adjusted nor calendar adjusted data)","Unemployment according to ILO definition - Over 25 years - Females","6",""
"2017M08","Hungary","Thousand persons","Unadjusted data (i.e. neither seasonally adjusted nor calendar adjusted data)","Unemployment according to ILO definition - Over 25 years - Females","76",""
"2017M08","Malta","Thousand persons","Unadjusted data (i.e. neither seasonally adjusted nor calendar adjusted data)","Unemployment according to ILO definition - Over 25 years - Females","2",""
"2017M08","Netherlands","Thousand persons","Unadjusted data (i.e. neither seasonally adjusted nor calendar adjusted data)","Unemployment according to ILO definition - Over 25 years - Females","134",""
"2017M08","Austria","Thousand persons","Unadjusted data (i.e. neither seasonally adjusted nor calendar adjusted data)","Unemployment according to ILO definition - Over 25 years - Females","90",""
"2017M08","Poland","Thousand persons","Unadjusted data (i.e. neither seasonally adjusted nor calendar adjusted data)","Unemployment according to ILO definition - Over 25 years - Females","292",""
"2017M08","Portugal","Thousand persons","Unadjusted data (i.e. neither seasonally adjusted nor calendar adjusted data)","Unemployment according to ILO definition - Over 25 years - Females","187",""
"2017M08","Romania","Thousand persons","Unadjusted data (i.e. neither seasonally adjusted nor calendar adjusted data)","Unemployment according to ILO definition - Over 25 years - Females","103",""
"2017M08","Slovenia","Thousand persons","Unadjusted data (i.e. neither seasonally adjusted nor calendar adjusted data)","Unemployment according to ILO definition - Over 25 years - Females","31",""
"2017M08","Slovakia","Thousand persons","Unadjusted data (i.e. neither seasonally adjusted nor calendar adjusted data)","Unemployment according to ILO definition - Over 25 years - Females","84",""
"2017M08","Finland","Thousand persons","Unadjusted data (i.e. neither seasonally adjusted nor calendar adjusted data)","Unemployment according to ILO definition - Over 25 years - Females","80",""
"2017M08","Sweden","Thousand persons","Unadjusted data (i.e. neither seasonally adjusted nor calendar adjusted data)","Unemployment according to ILO definition - Over 25 years - Females","107",""
"2017M08","United Kingdom","Thousand persons","Unadjusted data (i.e. neither seasonally adjusted nor calendar adjusted data)","Unemployment according to ILO definition - Over 25 years - Females",":",""
"2017M09","Euro area (EA11-2000, EA12-2006, EA13-2007, EA15-2008, EA16-2010, EA17-2013, EA18-2014, EA19)","Thousand persons","Unadjusted data (i.e. neither seasonally adjusted nor calendar adjusted data)","Unemployment according to ILO definition - Over 25 years - Females","5,685",""
"2017M09","Euro area (19 countries)","Thousand persons","Unadjusted data (i.e. neither seasonally adjusted nor calendar adjusted data)","Unemployment according to ILO definition - Over 25 years - Females","5,685",""
"2017M09","Euro area (18 countries)","Thousand persons","Unadjusted data (i.e. neither seasonally adjusted nor calendar adjusted data)","Unemployment according to ILO definition - Over 25 years - Females","5,650",""
"2017M09","European Union (28 countries)","Thousand persons","Unadjusted data (i.e. neither seasonally adjusted nor calendar adjusted data)","Unemployment according to ILO definition - Over 25 years - Females","6,972",""
"2017M09","European Union (27 countries)","Thousand persons","Unadjusted data (i.e. neither seasonally adjusted nor calendar adjusted data)","Unemployment according to ILO definition - Over 25 years - Females","6,901",""
"2017M09","Belgium","Thousand persons","Unadjusted data (i.e. neither seasonally adjusted nor calendar adjusted data)","Unemployment according to ILO definition - Over 25 years - Females","130",""
"2017M09","Bulgaria","Thousand persons","Unadjusted data (i.e. neither seasonally adjusted nor calendar adjusted data)","Unemployment according to ILO definition - Over 25 years - Females","75",""
"2017M09","Czech Republic","Thousand persons","Unadjusted data (i.e. neither seasonally adjusted nor calendar adjusted data)","Unemployment according to ILO definition - Over 25 years - Females","73",""
"2017M09","Denmark","Thousand persons","Unadjusted data (i.e. neither seasonally adjusted nor calendar adjusted data)","Unemployment according to ILO definition - Over 25 years - Females","59",""
"2017M09","Germany (until 1990 former territory of the FRG)","Thousand persons","Unadjusted data (i.e. neither seasonally adjusted nor calendar adjusted data)","Unemployment according to ILO definition - Over 25 years - Females","524",""
"2017M09","Estonia","Thousand persons","Unadjusted data (i.e. neither seasonally adjusted nor calendar adjusted data)","Unemployment according to ILO definition - Over 25 years - Females",":",""
"2017M09","Ireland","Thousand persons","Unadjusted data (i.e. neither seasonally adjusted nor calendar adjusted data)","Unemployment according to ILO definition - Over 25 years - Females","38",""
"2017M09","Greece","Thousand persons","Unadjusted data (i.e. neither seasonally adjusted nor calendar adjusted data)","Unemployment according to ILO definition - Over 25 years - Females",":",""
"2017M09","Spain","Thousand persons","Unadjusted data (i.e. neither seasonally adjusted nor calendar adjusted data)","Unemployment according to ILO definition - Over 25 years - Females","1,670",""
"2017M09","France","Thousand persons","Unadjusted data (i.e. neither seasonally adjusted nor calendar adjusted data)","Unemployment according to ILO definition - Over 25 years - Females","1,059",""
"2017M09","Italy","Thousand persons","Unadjusted data (i.e. neither seasonally adjusted nor calendar adjusted data)","Unemployment according to ILO definition - Over 25 years - Females",":",""
"2017M09","Cyprus","Thousand persons","Unadjusted data (i.e. neither seasonally adjusted nor calendar adjusted data)","Unemployment according to ILO definition - Over 25 years - Females","16",""
"2017M09","Latvia","Thousand persons","Unadjusted data (i.e. neither seasonally adjusted nor calendar adjusted data)","Unemployment according to ILO definition - Over 25 years - Females","29",""
"2017M09","Lithuania","Thousand persons","Unadjusted data (i.e. neither seasonally adjusted nor calendar adjusted data)","Unemployment according to ILO definition - Over 25 years - Females","36",""
"2017M09","Luxembourg","Thousand persons","Unadjusted data (i.e. neither seasonally adjusted nor calendar adjusted data)","Unemployment according to ILO definition - Over 25 years - Females","6",""
"2017M09","Hungary","Thousand persons","Unadjusted data (i.e. neither seasonally adjusted nor calendar adjusted data)","Unemployment according to ILO definition - Over 25 years - Females",":",""
"2017M09","Malta","Thousand persons","Unadjusted data (i.e. neither seasonally adjusted nor calendar adjusted data)","Unemployment according to ILO definition - Over 25 years - Females","2",""
"2017M09","Netherlands","Thousand persons","Unadjusted data (i.e. neither seasonally adjusted nor calendar adjusted data)","Unemployment according to ILO definition - Over 25 years - Females","153",""
"2017M09","Austria","Thousand persons","Unadjusted data (i.e. neither seasonally adjusted nor calendar adjusted data)","Unemployment according to ILO definition - Over 25 years - Females","76",""
"2017M09","Poland","Thousand persons","Unadjusted data (i.e. neither seasonally adjusted nor calendar adjusted data)","Unemployment according to ILO definition - Over 25 years - Females","281",""
"2017M09","Portugal","Thousand persons","Unadjusted data (i.e. neither seasonally adjusted nor calendar adjusted data)","Unemployment according to ILO definition - Over 25 years - Females","185",""
"2017M09","Romania","Thousand persons","Unadjusted data (i.e. neither seasonally adjusted nor calendar adjusted data)","Unemployment according to ILO definition - Over 25 years - Females","106",""
"2017M09","Slovenia","Thousand persons","Unadjusted data (i.e. neither seasonally adjusted nor calendar adjusted data)","Unemployment according to ILO definition - Over 25 years - Females","29",""
"2017M09","Slovakia","Thousand persons","Unadjusted data (i.e. neither seasonally adjusted nor calendar adjusted data)","Unemployment according to ILO definition - Over 25 years - Females","81",""
"2017M09","Finland","Thousand persons","Unadjusted data (i.e. neither seasonally adjusted nor calendar adjusted data)","Unemployment according to ILO definition - Over 25 years - Females","79",""
"2017M09","Sweden","Thousand persons","Unadjusted data (i.e. neither seasonally adjusted nor calendar adjusted data)","Unemployment according to ILO definition - Over 25 years - Females","112",""
"2017M09","United Kingdom","Thousand persons","Unadjusted data (i.e. neither seasonally adjusted nor calendar adjusted data)","Unemployment according to ILO definition - Over 25 years - Females",":",""
